{
  "web": {
    "client_id": "1025049636670-he45f49o2q5g7rjidn39dtme3egia3i3.apps.googleusercontent.com",
    "project_id": "alignify-login",
    "auth_uri": "https://accounts.google.com/o/oauth2/auth",
    "token_uri": "https://oauth2.googleapis.com/token",
    "auth_provider_x509_cert_url": "https://www.googleapis.com/oauth2/v1/certs",
    "client_secret": "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",
    "redirect_uris": [
      "https://alignify.net/api/auth/callback",
      "http://localhost:8080/auth/callback",
      "http://localhost:8080"
    ]
  }
}
